stars_url,stargazers_names
https://api.github.com/repos/irods/irods-legacy/stargazers,trel
https://api.github.com/repos/irods/irods-legacy/stargazers,samrose
https://api.github.com/repos/irods/irods-legacy/stargazers,fabic
https://api.github.com/repos/irods/irods-legacy/stargazers,hornos
https://api.github.com/repos/irods/irods-legacy/stargazers,tedgin
https://api.github.com/repos/irods/irods-legacy/stargazers,djui
https://api.github.com/repos/irods/irods-legacy/stargazers,buffovich
https://api.github.com/repos/irods/irods-legacy/stargazers,brunoli
https://api.github.com/repos/irods/irods-legacy/stargazers,pigay
https://api.github.com/repos/irods/irods-legacy/stargazers,donpellegrino
https://api.github.com/repos/irods/irods-legacy/stargazers,vladimir-mencl-eresearch
https://api.github.com/repos/irods/irods-legacy/stargazers,keithj
https://api.github.com/repos/irods/irods-legacy/stargazers,ajm475du
https://api.github.com/repos/irods/irods-legacy/stargazers,cjsmeele
https://api.github.com/repos/irods/irods-legacy/stargazers,ablekh
https://api.github.com/repos/irods/irods-legacy/stargazers,ryanspletzer
https://api.github.com/repos/irods/votingbooth/stargazers,csphere
https://api.github.com/repos/irods/votingbooth/stargazers,donpellegrino
https://api.github.com/repos/irods/contrib/stargazers,brainstorm
https://api.github.com/repos/irods/contrib/stargazers,vladimir-mencl-eresearch
https://api.github.com/repos/irods/contrib/stargazers,donpellegrino
https://api.github.com/repos/irods/contrib/stargazers,michael-conway
https://api.github.com/repos/irods/contrib/stargazers,baranabi
https://api.github.com/repos/irods/contrib/stargazers,ablekh
https://api.github.com/repos/irods/contrib/stargazers,cmball1
https://api.github.com/repos/irods/contrib/stargazers,lionants02
https://api.github.com/repos/irods/contrib/stargazers,joergsteinkamp
https://api.github.com/repos/irods/contrib/stargazers,samrose
https://api.github.com/repos/irods/contrib/stargazers,frankhornung
https://api.github.com/repos/irods/contrib/stargazers,paladin74
https://api.github.com/repos/irods/contrib/stargazers,alanking
https://api.github.com/repos/irods/irods/stargazers,trel
https://api.github.com/repos/irods/irods/stargazers,dkj
https://api.github.com/repos/irods/irods/stargazers,bloomonkey
https://api.github.com/repos/irods/irods/stargazers,tempoz
https://api.github.com/repos/irods/irods/stargazers,afolarin
https://api.github.com/repos/irods/irods/stargazers,samarkanov
https://api.github.com/repos/irods/irods/stargazers,cansmith
https://api.github.com/repos/irods/irods/stargazers,donpellegrino
https://api.github.com/repos/irods/irods/stargazers,edwins
https://api.github.com/repos/irods/irods/stargazers,StephanU
https://api.github.com/repos/irods/irods/stargazers,bolo1729
https://api.github.com/repos/irods/irods/stargazers,bencomp
https://api.github.com/repos/irods/irods/stargazers,mburge
https://api.github.com/repos/irods/irods/stargazers,SamStudio8
https://api.github.com/repos/irods/irods/stargazers,mohnkhan
https://api.github.com/repos/irods/irods/stargazers,ajm475du
https://api.github.com/repos/irods/irods/stargazers,pzz2011
https://api.github.com/repos/irods/irods/stargazers,jcftang
https://api.github.com/repos/irods/irods/stargazers,gawbul
https://api.github.com/repos/irods/irods/stargazers,kellerb
https://api.github.com/repos/irods/irods/stargazers,rch
https://api.github.com/repos/irods/irods/stargazers,matthewturk
https://api.github.com/repos/irods/irods/stargazers,alandh
https://api.github.com/repos/irods/irods/stargazers,rraub
https://api.github.com/repos/irods/irods/stargazers,kevyin
https://api.github.com/repos/irods/irods/stargazers,asteino
https://api.github.com/repos/irods/irods/stargazers,Zigur
https://api.github.com/repos/irods/irods/stargazers,iychoi
https://api.github.com/repos/irods/irods/stargazers,liob
https://api.github.com/repos/irods/irods/stargazers,rogeriomarques
https://api.github.com/repos/irods/irods/stargazers,paulfitz
https://api.github.com/repos/irods/irods/stargazers,jspraul
https://api.github.com/repos/irods/irods/stargazers,mempko
https://api.github.com/repos/irods/irods/stargazers,nikolay
https://api.github.com/repos/irods/irods/stargazers,prodrive
https://api.github.com/repos/irods/irods/stargazers,cajosc
https://api.github.com/repos/irods/irods/stargazers,jscinoz
https://api.github.com/repos/irods/irods/stargazers,jterstriep
https://api.github.com/repos/irods/irods/stargazers,mehdisadeghi
https://api.github.com/repos/irods/irods/stargazers,Shbu
https://api.github.com/repos/irods/irods/stargazers,vladimir-mencl-eresearch
https://api.github.com/repos/irods/irods/stargazers,edubxb
https://api.github.com/repos/irods/irods/stargazers,jenspeters
https://api.github.com/repos/irods/irods/stargazers,samrose
https://api.github.com/repos/irods/irods/stargazers,burnce
https://api.github.com/repos/irods/irods/stargazers,mingfang
https://api.github.com/repos/irods/irods/stargazers,Dylanotron
https://api.github.com/repos/irods/irods/stargazers,codenbugs
https://api.github.com/repos/irods/irods/stargazers,smagellan
https://api.github.com/repos/irods/irods/stargazers,Pansanel
https://api.github.com/repos/irods/irods/stargazers,jmarshall
https://api.github.com/repos/irods/irods/stargazers,cjsmeele
https://api.github.com/repos/irods/irods/stargazers,samuell
https://api.github.com/repos/irods/irods/stargazers,klin938
https://api.github.com/repos/irods/irods/stargazers,dnolent
https://api.github.com/repos/irods/irods/stargazers,fuzziebrain
https://api.github.com/repos/irods/irods/stargazers,firespike2050
https://api.github.com/repos/irods/irods/stargazers,indera
https://api.github.com/repos/irods/irods/stargazers,seansummers
https://api.github.com/repos/irods/irods/stargazers,arrmac
https://api.github.com/repos/irods/irods/stargazers,petrrr
https://api.github.com/repos/irods/irods/stargazers,verdurin
https://api.github.com/repos/irods/irods/stargazers,xrzhao
https://api.github.com/repos/irods/irods/stargazers,garnertb
https://api.github.com/repos/irods/irods/stargazers,SteffenClaus
https://api.github.com/repos/irods/irods/stargazers,pietvandongen
https://api.github.com/repos/irods/irods/stargazers,zhanglq79
https://api.github.com/repos/irods/irods/stargazers,solomonvimal
https://api.github.com/repos/irods/irods/stargazers,kwcto
https://api.github.com/repos/irods/irods/stargazers,thaumkid
https://api.github.com/repos/irods/irods/stargazers,mtpatter
https://api.github.com/repos/irods/irods/stargazers,arnedag
https://api.github.com/repos/irods/irods/stargazers,edthedev
https://api.github.com/repos/irods/irods/stargazers,petergil
https://api.github.com/repos/irods/irods/stargazers,keithj
https://api.github.com/repos/irods/irods/stargazers,norrissw
https://api.github.com/repos/irods/irods/stargazers,antiface
https://api.github.com/repos/irods/irods/stargazers,nimblemachine
https://api.github.com/repos/irods/irods/stargazers,daikema
https://api.github.com/repos/irods/irods/stargazers,davebiffuk
https://api.github.com/repos/irods/irods/stargazers,srfraser
https://api.github.com/repos/irods/irods/stargazers,seandavi
https://api.github.com/repos/irods/irods/stargazers,salotz
https://api.github.com/repos/irods/irods/stargazers,rioksane
https://api.github.com/repos/irods/irods/stargazers,mpasserini
https://api.github.com/repos/irods/irods/stargazers,tedgin
https://api.github.com/repos/irods/irods/stargazers,erikvdbergh
https://api.github.com/repos/irods/irods/stargazers,jbd
https://api.github.com/repos/irods/irods/stargazers,PaulVanSchayck
https://api.github.com/repos/irods/irods/stargazers,rossanthony
https://api.github.com/repos/irods/irods/stargazers,bplotnick
https://api.github.com/repos/irods/irods/stargazers,jsharpe
https://api.github.com/repos/irods/irods/stargazers,armell
https://api.github.com/repos/irods/irods/stargazers,ajnelson-nist
https://api.github.com/repos/irods/irods/stargazers,iraklis10
https://api.github.com/repos/irods/irods/stargazers,be-sanders
https://api.github.com/repos/irods/irods/stargazers,ryanspletzer
https://api.github.com/repos/irods/irods/stargazers,jjacquay712
https://api.github.com/repos/irods/irods/stargazers,derjohn
https://api.github.com/repos/irods/irods/stargazers,peterbrinck
https://api.github.com/repos/irods/irods/stargazers,denji
https://api.github.com/repos/irods/irods/stargazers,pdonorio
https://api.github.com/repos/irods/irods/stargazers,4Dolio
https://api.github.com/repos/irods/irods/stargazers,julianpistorius
https://api.github.com/repos/irods/irods/stargazers,DrKenHo
https://api.github.com/repos/irods/irods/stargazers,tiercel3
https://api.github.com/repos/irods/irods/stargazers,lanjiantm
https://api.github.com/repos/irods/irods/stargazers,ablekh
https://api.github.com/repos/irods/irods/stargazers,Zulko
https://api.github.com/repos/irods/irods/stargazers,ericwhyne
https://api.github.com/repos/irods/irods/stargazers,yunjianfei
https://api.github.com/repos/irods/irods/stargazers,sgivan
https://api.github.com/repos/irods/irods/stargazers,GlennStauffer
https://api.github.com/repos/irods/irods/stargazers,kptran
https://api.github.com/repos/irods/irods/stargazers,jonesrn
https://api.github.com/repos/irods/irods/stargazers,efi
https://api.github.com/repos/irods/irods/stargazers,carrgilson
https://api.github.com/repos/irods/irods/stargazers,droidengineer
https://api.github.com/repos/irods/irods/stargazers,carsten-jahn
https://api.github.com/repos/irods/irods/stargazers,rastandy
https://api.github.com/repos/irods/irods/stargazers,mwestza
https://api.github.com/repos/irods/irods/stargazers,wilwan01
https://api.github.com/repos/irods/irods/stargazers,sam-splat
https://api.github.com/repos/irods/irods/stargazers,Wellbeing0506
https://api.github.com/repos/irods/irods/stargazers,ttata1
https://api.github.com/repos/irods/irods/stargazers,jpellman
https://api.github.com/repos/irods/irods/stargazers,alorenzo175
https://api.github.com/repos/irods/irods/stargazers,buffer8848
https://api.github.com/repos/irods/irods/stargazers,nakao
https://api.github.com/repos/irods/irods/stargazers,sipior
https://api.github.com/repos/irods/irods/stargazers,dagrenzer
https://api.github.com/repos/irods/irods/stargazers,fcannini
https://api.github.com/repos/irods/irods/stargazers,infojunkie
https://api.github.com/repos/irods/irods/stargazers,nk23x
https://api.github.com/repos/irods/irods/stargazers,tsmeele
https://api.github.com/repos/irods/irods/stargazers,bzizou
https://api.github.com/repos/irods/irods/stargazers,snowyu
https://api.github.com/repos/irods/irods/stargazers,sakrejda
https://api.github.com/repos/irods/irods/stargazers,fenollp
https://api.github.com/repos/irods/irods/stargazers,u0m3
https://api.github.com/repos/irods/irods/stargazers,jagracar
https://api.github.com/repos/irods/irods/stargazers,kislyuk
https://api.github.com/repos/irods/irods/stargazers,davidizatt
https://api.github.com/repos/irods/irods/stargazers,tfb-ddn
https://api.github.com/repos/irods/irods/stargazers,codingsf
https://api.github.com/repos/irods/irods/stargazers,The-Loeki
https://api.github.com/repos/irods/irods/stargazers,isitanmay
https://api.github.com/repos/irods/irods/stargazers,yaoweihua
https://api.github.com/repos/irods/irods/stargazers,leipzig
https://api.github.com/repos/irods/irods/stargazers,sokoow
https://api.github.com/repos/irods/irods/stargazers,JJediny
https://api.github.com/repos/irods/irods/stargazers,keeganmccallum
https://api.github.com/repos/irods/irods/stargazers,chrisdiana
https://api.github.com/repos/irods/irods/stargazers,baranabi
https://api.github.com/repos/irods/irods/stargazers,criloz
https://api.github.com/repos/irods/irods/stargazers,sairahul
https://api.github.com/repos/irods/irods/stargazers,quanpan302
https://api.github.com/repos/irods/irods/stargazers,carpediemkz
https://api.github.com/repos/irods/irods/stargazers,radudragusin
https://api.github.com/repos/irods/irods/stargazers,xwv0
https://api.github.com/repos/irods/irods/stargazers,ohlmann
https://api.github.com/repos/irods/irods/stargazers,tledoux
https://api.github.com/repos/irods/irods/stargazers,torfinnnome
https://api.github.com/repos/irods/irods/stargazers,cniclsh
https://api.github.com/repos/irods/irods/stargazers,micknudsen
https://api.github.com/repos/irods/irods/stargazers,timokratia
https://api.github.com/repos/irods/irods/stargazers,PiotrZakrzewski
https://api.github.com/repos/irods/irods/stargazers,richelbilderbeek
https://api.github.com/repos/irods/irods/stargazers,martinjvickers
https://api.github.com/repos/irods/irods/stargazers,matthewsaum
https://api.github.com/repos/irods/irods/stargazers,wwfalcon
https://api.github.com/repos/irods/irods/stargazers,nitinongit
https://api.github.com/repos/irods/irods/stargazers,LordFPL
https://api.github.com/repos/irods/irods/stargazers,Zoites
https://api.github.com/repos/irods/irods/stargazers,roscopecoltran
https://api.github.com/repos/irods/irods/stargazers,dram
https://api.github.com/repos/irods/irods/stargazers,vcalderon2009
https://api.github.com/repos/irods/irods/stargazers,lionants02
https://api.github.com/repos/irods/irods/stargazers,mikini
https://api.github.com/repos/irods/irods/stargazers,IsmailM
https://api.github.com/repos/irods/irods/stargazers,alanking
https://api.github.com/repos/irods/irods/stargazers,tofu-rocketry
https://api.github.com/repos/irods/irods/stargazers,blavoie
https://api.github.com/repos/irods/irods/stargazers,tonyfast
https://api.github.com/repos/irods/irods/stargazers,danuel
https://api.github.com/repos/irods/irods/stargazers,theferrit32
https://api.github.com/repos/irods/irods/stargazers,TiO2
https://api.github.com/repos/irods/irods/stargazers,kernel164
https://api.github.com/repos/irods/irods/stargazers,petersonjr
https://api.github.com/repos/irods/irods/stargazers,jamesrf
https://api.github.com/repos/irods/irods/stargazers,randanderson
https://api.github.com/repos/irods/irods/stargazers,hxrain
https://api.github.com/repos/irods/irods/stargazers,jasonchester
https://api.github.com/repos/irods/irods/stargazers,dduarte-odoogap
https://api.github.com/repos/irods/irods/stargazers,cmdplusr
https://api.github.com/repos/irods/irods/stargazers,estolad
https://api.github.com/repos/irods/irods/stargazers,jpvlsmv
https://api.github.com/repos/irods/irods/stargazers,abdulrauf
https://api.github.com/repos/irods/irods/stargazers,feldrim
https://api.github.com/repos/irods/irods/stargazers,PerplexedMind
https://api.github.com/repos/irods/irods/stargazers,JamesLinus
https://api.github.com/repos/irods/irods/stargazers,josecohenca
https://api.github.com/repos/irods/irods/stargazers,yrro
https://api.github.com/repos/irods/irods/stargazers,bhattisatish
https://api.github.com/repos/irods/irods/stargazers,sbworth
https://api.github.com/repos/irods/irods/stargazers,martinlevington
https://api.github.com/repos/irods/irods/stargazers,claretakum
https://api.github.com/repos/irods/irods/stargazers,mbomhoff
https://api.github.com/repos/irods/irods/stargazers,ct2034
https://api.github.com/repos/irods/irods/stargazers,ghosthamlet
https://api.github.com/repos/irods/irods/stargazers,joergsteinkamp
https://api.github.com/repos/irods/irods/stargazers,bristi
https://api.github.com/repos/irods/irods/stargazers,pipidoudou
https://api.github.com/repos/irods/irods/stargazers,baohien97
https://api.github.com/repos/irods/irods/stargazers,andrese52
https://api.github.com/repos/irods/irods/stargazers,nearodney
https://api.github.com/repos/irods/irods/stargazers,borisbLL
https://api.github.com/repos/irods/irods/stargazers,makampf
https://api.github.com/repos/irods/irods/stargazers,dwcaraway
https://api.github.com/repos/irods/irods/stargazers,colingarvey
https://api.github.com/repos/irods/irods/stargazers,seralf
https://api.github.com/repos/irods/irods/stargazers,HabibMAALEM
https://api.github.com/repos/irods/irods/stargazers,nconrads
https://api.github.com/repos/irods/irods/stargazers,jeremywhalen
https://api.github.com/repos/irods/irods/stargazers,niess
https://api.github.com/repos/irods/irods/stargazers,akansal1
https://api.github.com/repos/irods/irods/stargazers,samalloing
https://api.github.com/repos/irods/irods/stargazers,subotic
https://api.github.com/repos/irods/irods/stargazers,regisboliver
https://api.github.com/repos/irods/irods/stargazers,qiulin
https://api.github.com/repos/irods/irods/stargazers,RosaLo
https://api.github.com/repos/irods/irods/stargazers,hahahannes
https://api.github.com/repos/irods/irods/stargazers,macdaliot
https://api.github.com/repos/irods/irods/stargazers,koobitor
https://api.github.com/repos/irods/irods/stargazers,mysky528
https://api.github.com/repos/irods/irods/stargazers,ChrisDowning
https://api.github.com/repos/irods/irods/stargazers,jieyoung
https://api.github.com/repos/irods/irods/stargazers,zourongrong
https://api.github.com/repos/irods/irods/stargazers,j0kaso
https://api.github.com/repos/irods/irods/stargazers,ma78794656
https://api.github.com/repos/irods/irods/stargazers,mahmoudimus
https://api.github.com/repos/irods/irods/stargazers,kcarini
https://api.github.com/repos/irods/irods/stargazers,juandesant
https://api.github.com/repos/irods/irods/stargazers,zotona
https://api.github.com/repos/irods/irods/stargazers,bramru
https://api.github.com/repos/irods/irods/stargazers,paladin74
https://api.github.com/repos/irods/irods/stargazers,ryanaaa
https://api.github.com/repos/irods/irods/stargazers,mjsteinbaugh
https://api.github.com/repos/irods/irods/stargazers,czheluo
https://api.github.com/repos/irods/irods/stargazers,LauraCapps
https://api.github.com/repos/irods/irods/stargazers,finelli
https://api.github.com/repos/irods/irods/stargazers,geonux
https://api.github.com/repos/irods/irods/stargazers,pateldes
https://api.github.com/repos/irods/irods/stargazers,emmanuel-contreras
https://api.github.com/repos/irods/irods/stargazers,ixiangjin
https://api.github.com/repos/irods/irods/stargazers,luckymengmeng
https://api.github.com/repos/irods/irods/stargazers,JEREM-M
https://api.github.com/repos/irods/irods/stargazers,holtgrewe
https://api.github.com/repos/irods/irods/stargazers,Xin2Luo
https://api.github.com/repos/irods/irods/stargazers,dragonman225
https://api.github.com/repos/irods/irods/stargazers,BoTime
https://api.github.com/repos/irods/irods/stargazers,jbienkowski
https://api.github.com/repos/irods/irods/stargazers,needmorecowbell
https://api.github.com/repos/irods/irods/stargazers,shuvro-zz
https://api.github.com/repos/irods/irods/stargazers,amantaya
https://api.github.com/repos/irods/irods/stargazers,shylaclark
https://api.github.com/repos/irods/irods/stargazers,danilomo
https://api.github.com/repos/irods/irods/stargazers,dawsongzhao
https://api.github.com/repos/irods/irods/stargazers,quickerlab
https://api.github.com/repos/irods/irods/stargazers,johanricher
https://api.github.com/repos/irods/irods/stargazers,chenshuomr
https://api.github.com/repos/irods/irods/stargazers,stsnel
https://api.github.com/repos/irods/irods/stargazers,scivey
https://api.github.com/repos/irods/irods/stargazers,bluebird88
https://api.github.com/repos/irods/irods/stargazers,miramax281
https://api.github.com/repos/irods/irods/stargazers,jigeitiwolf
https://api.github.com/repos/irods/irods/stargazers,scottsunsh
https://api.github.com/repos/irods/irods/stargazers,jpmcfarland
https://api.github.com/repos/irods/irods/stargazers,marshallmcdonnell
https://api.github.com/repos/irods/irods/stargazers,gpchelkin
https://api.github.com/repos/irods/irods/stargazers,martinodb
https://api.github.com/repos/irods/irods/stargazers,w-bonelli
https://api.github.com/repos/irods/irods/stargazers,prajshr
https://api.github.com/repos/irods/irods/stargazers,songdragon
https://api.github.com/repos/irods/irods/stargazers,fspadini
https://api.github.com/repos/irods/irods/stargazers,tcyrus
https://api.github.com/repos/irods/irods/stargazers,jeverling
https://api.github.com/repos/irods/irods/stargazers,USApp-io
https://api.github.com/repos/irods/irods/stargazers,maxwell-lv
https://api.github.com/repos/irods/irods/stargazers,caobinbin
https://api.github.com/repos/irods/irods/stargazers,acnewton
https://api.github.com/repos/irods/irods/stargazers,githubfoam
https://api.github.com/repos/irods/irods/stargazers,5l1v3r1
https://api.github.com/repos/irods/irods/stargazers,maximveksler
https://api.github.com/repos/irods/irods/stargazers,cchwala
https://api.github.com/repos/irods/irods/stargazers,dimapin
https://api.github.com/repos/irods/irods/stargazers,murodin
https://api.github.com/repos/irods/irods/stargazers,mtraves
https://api.github.com/repos/irods/irods/stargazers,faerietree
https://api.github.com/repos/irods/irods/stargazers,ebirn
https://api.github.com/repos/irods/irods/stargazers,zhangpotato
https://api.github.com/repos/irods/irods/stargazers,pphuth
https://api.github.com/repos/irods/irods/stargazers,zmughal
https://api.github.com/repos/irods/irods/stargazers,hammer
https://api.github.com/repos/irods/irods/stargazers,frf-ai
https://api.github.com/repos/irods/irods/stargazers,theodesp
https://api.github.com/repos/irods/irods/stargazers,korydraughn
https://api.github.com/repos/irods/irods/stargazers,markpbaggett
https://api.github.com/repos/irods/irods/stargazers,jwijffels
https://api.github.com/repos/irods/irods/stargazers,michael-conway
https://api.github.com/repos/irods/irods/stargazers,frankhornung
https://api.github.com/repos/irods/irods/stargazers,hs41-18
https://api.github.com/repos/irods/irods/stargazers,mrluanma
https://api.github.com/repos/irods/irods/stargazers,aipolly
https://api.github.com/repos/irods/irods/stargazers,rimallo
https://api.github.com/repos/irods/irods/stargazers,VoidedMuse
https://api.github.com/repos/irods/irods/stargazers,joskid
https://api.github.com/repos/irods/irods/stargazers,wuya2357
https://api.github.com/repos/irods/irods/stargazers,darked89
https://api.github.com/repos/irods/irods/stargazers,egidijus
https://api.github.com/repos/irods/irods/stargazers,etal
https://api.github.com/repos/irods/irods/stargazers,smrutil
https://api.github.com/repos/irods/irods/stargazers,fly51fly
https://api.github.com/repos/irods/irods/stargazers,budait
https://api.github.com/repos/irods/irods/stargazers,acumenix
https://api.github.com/repos/irods/irods/stargazers,Julius-Plehn
https://api.github.com/repos/irods/irods/stargazers,qitsweauca
https://api.github.com/repos/irods/irods/stargazers,bay007
https://api.github.com/repos/irods/irods/stargazers,ml-evs
https://api.github.com/repos/irods/irods/stargazers,kjappelbaum
https://api.github.com/repos/irods/irods/stargazers,Nova38
https://api.github.com/repos/irods/irods/stargazers,vishjain
https://api.github.com/repos/irods/irods/stargazers,goliatone
https://api.github.com/repos/irods/irods/stargazers,alexander-haller
https://api.github.com/repos/irods/irods/stargazers,artisdom
https://api.github.com/repos/irods/irods/stargazers,japhir
https://api.github.com/repos/irods/irods/stargazers,kernt
https://api.github.com/repos/irods/irods/stargazers,ndaidong
https://api.github.com/repos/irods/irods/stargazers,deem0n
https://api.github.com/repos/irods/irods/stargazers,gitSchotten
https://api.github.com/repos/irods/irods/stargazers,rtb144
https://api.github.com/repos/irods/irods/stargazers,MartinSchobben
https://api.github.com/repos/irods/irods/stargazers,xuanxuani
https://api.github.com/repos/irods/irods/stargazers,gauravssnl
https://api.github.com/repos/irods/irods/stargazers,gaybro8777
https://api.github.com/repos/irods/irods/stargazers,arnau
https://api.github.com/repos/irods/irods/stargazers,selroc
https://api.github.com/repos/irods/irods/stargazers,RichDijk
https://api.github.com/repos/irods/irods/stargazers,rmsds
https://api.github.com/repos/irods/irods/stargazers,nish-ant
https://api.github.com/repos/irods/irods/stargazers,rkm
https://api.github.com/repos/irods/irods/stargazers,mofisl
https://api.github.com/repos/irods/irods/stargazers,dannyge
https://api.github.com/repos/irods/irods/stargazers,figure002
https://api.github.com/repos/irods/irods/stargazers,youkefan18
https://api.github.com/repos/irods/irods/stargazers,pryorda
https://api.github.com/repos/irods/irods/stargazers,freshsun
https://api.github.com/repos/irods/irods/stargazers,raisingstar
https://api.github.com/repos/irods/irods/stargazers,frankfanslc
https://api.github.com/repos/irods/irods/stargazers,hyperupcall
https://api.github.com/repos/irods/irods/stargazers,oofiedev
https://api.github.com/repos/irods/irods/stargazers,PhakphumV
https://api.github.com/repos/irods/irods/stargazers,EstevesDouglas
https://api.github.com/repos/irods/irods/stargazers,mherkazandjian
https://api.github.com/repos/irods/irods/stargazers,Gutem
https://api.github.com/repos/irods/irods/stargazers,dalakatt
https://api.github.com/repos/irods/irods/stargazers,ssenator
https://api.github.com/repos/irods/irods/stargazers,RtillaWork
https://api.github.com/repos/irods/irods/stargazers,venkat-oss
https://api.github.com/repos/irods/irods/stargazers,pidb
https://api.github.com/repos/irods/irods/stargazers,Hyper-Node
https://api.github.com/repos/irods/irods/stargazers,ebete
https://api.github.com/repos/irods/irods/stargazers,maxclac
https://api.github.com/repos/irods/irods/stargazers,andrewmaksymowsky
https://api.github.com/repos/irods/irods/stargazers,hanytran
https://api.github.com/repos/irods/irods/stargazers,rmoreas
https://api.github.com/repos/irods/irods/stargazers,H-Kwon
https://api.github.com/repos/irods/irods/stargazers,AriESQ
https://api.github.com/repos/irods/irods/stargazers,esdnm
https://api.github.com/repos/irods/irods/stargazers,EntraptaJ
https://api.github.com/repos/irods/irods/stargazers,pdelong42
https://api.github.com/repos/irods/irods/stargazers,ArneDeTemmermanKUL
https://api.github.com/repos/irods/irods/stargazers,hkittaka
https://api.github.com/repos/irods/irods/stargazers,lyashevska
https://api.github.com/repos/irods/irods/stargazers,lukalocniskar
https://api.github.com/repos/irods/irods/stargazers,outmaan
https://api.github.com/repos/irods/irods/stargazers,cfzhous
https://api.github.com/repos/irods/irods/stargazers,mjtadema
https://api.github.com/repos/irods/irods/stargazers,johntruckenbrodt
https://api.github.com/repos/irods/irods/stargazers,wwhai
https://api.github.com/repos/irods/irods/stargazers,jasoncoposky
https://api.github.com/repos/irods/irods/stargazers,franciosi
https://api.github.com/repos/irods/irods/stargazers,gruberdev
https://api.github.com/repos/irods/irods/stargazers,bryanasdev000
https://api.github.com/repos/irods/irods/stargazers,logan-life
https://api.github.com/repos/irods/irods/stargazers,RileyLeff
https://api.github.com/repos/irods/irods/stargazers,ree-gupta
https://api.github.com/repos/irods/irods/stargazers,kong1383068
https://api.github.com/repos/irods/irods/stargazers,nsunami
https://api.github.com/repos/irods/irods/stargazers,xerophileshark
https://api.github.com/repos/irods/irods/stargazers,oocococo
https://api.github.com/repos/irods/irods/stargazers,jacquayj
https://api.github.com/repos/irods/irods/stargazers,genostack
https://api.github.com/repos/irods/irods/stargazers,jeromeroucou
https://api.github.com/repos/irods/irods/stargazers,Nishant2022
https://api.github.com/repos/irods/irods/stargazers,partonzm
https://api.github.com/repos/irods/irods/stargazers,topazus
https://api.github.com/repos/irods/irods_resource_plugin_s3/stargazers,baslking
https://api.github.com/repos/irods/irods_resource_plugin_s3/stargazers,sushantmane
https://api.github.com/repos/irods/irods_resource_plugin_s3/stargazers,ttata1
https://api.github.com/repos/irods/irods_resource_plugin_s3/stargazers,carsten-jahn
https://api.github.com/repos/irods/irods_resource_plugin_s3/stargazers,samrose
https://api.github.com/repos/irods/irods_resource_plugin_s3/stargazers,murlock
https://api.github.com/repos/irods/irods_resource_plugin_s3/stargazers,jppzanetti
https://api.github.com/repos/irods/irods_resource_plugin_s3/stargazers,amantaya
https://api.github.com/repos/irods/irods_resource_plugin_s3/stargazers,w-bonelli
https://api.github.com/repos/irods/irods_resource_plugin_s3/stargazers,stsnel
https://api.github.com/repos/irods/irods_resource_plugin_s3/stargazers,alanking
https://api.github.com/repos/irods/irods_resource_plugin_wos/stargazers,francescogiannoccaro
https://api.github.com/repos/irods/irods_auth_plugin_gsi/stargazers,petergil
https://api.github.com/repos/irods/irods_netcdf/stargazers,ablekh
https://api.github.com/repos/irods/irods_auth_plugin_kerberos/stargazers,ryanspletzer
https://api.github.com/repos/irods/irods_auth_plugin_kerberos/stargazers,petergil
https://api.github.com/repos/irods/irods_microservice_plugins_curl/stargazers,robertchengkt
https://api.github.com/repos/irods/baton/stargazers,brainstorm
https://api.github.com/repos/irods/python-irodsclient/stargazers,matthewturk
https://api.github.com/repos/irods/python-irodsclient/stargazers,pigay
https://api.github.com/repos/irods/python-irodsclient/stargazers,jonnic
https://api.github.com/repos/irods/python-irodsclient/stargazers,petrrr
https://api.github.com/repos/irods/python-irodsclient/stargazers,ajmazurie
https://api.github.com/repos/irods/python-irodsclient/stargazers,lpk-py
https://api.github.com/repos/irods/python-irodsclient/stargazers,robertchengkt
https://api.github.com/repos/irods/python-irodsclient/stargazers,iychoi
https://api.github.com/repos/irods/python-irodsclient/stargazers,carsten-jahn
https://api.github.com/repos/irods/python-irodsclient/stargazers,fikipollo
https://api.github.com/repos/irods/python-irodsclient/stargazers,shapiromatron
https://api.github.com/repos/irods/python-irodsclient/stargazers,pdonorio
https://api.github.com/repos/irods/python-irodsclient/stargazers,ablekh
https://api.github.com/repos/irods/python-irodsclient/stargazers,mwvaughn
https://api.github.com/repos/irods/python-irodsclient/stargazers,holtgrewe
https://api.github.com/repos/irods/python-irodsclient/stargazers,vcalderon2009
https://api.github.com/repos/irods/python-irodsclient/stargazers,mikkonie
https://api.github.com/repos/irods/python-irodsclient/stargazers,epl2t1n
https://api.github.com/repos/irods/python-irodsclient/stargazers,pateldes
https://api.github.com/repos/irods/python-irodsclient/stargazers,J535D165
https://api.github.com/repos/irods/python-irodsclient/stargazers,niess
https://api.github.com/repos/irods/python-irodsclient/stargazers,samrose
https://api.github.com/repos/irods/python-irodsclient/stargazers,albangaignard
https://api.github.com/repos/irods/python-irodsclient/stargazers,alanking
https://api.github.com/repos/irods/python-irodsclient/stargazers,jn0
https://api.github.com/repos/irods/python-irodsclient/stargazers,nearodney
https://api.github.com/repos/irods/python-irodsclient/stargazers,joergsteinkamp
https://api.github.com/repos/irods/python-irodsclient/stargazers,rjagerman
https://api.github.com/repos/irods/python-irodsclient/stargazers,drrudolph
https://api.github.com/repos/irods/python-irodsclient/stargazers,jjkoehorst
https://api.github.com/repos/irods/python-irodsclient/stargazers,MarkBruurmijn
https://api.github.com/repos/irods/python-irodsclient/stargazers,jppzanetti
https://api.github.com/repos/irods/python-irodsclient/stargazers,cjsmeele
https://api.github.com/repos/irods/python-irodsclient/stargazers,jbest
https://api.github.com/repos/irods/python-irodsclient/stargazers,stsnel
https://api.github.com/repos/irods/python-irodsclient/stargazers,mvdbeek
https://api.github.com/repos/irods/python-irodsclient/stargazers,w-bonelli
https://api.github.com/repos/irods/python-irodsclient/stargazers,stefanpeidli
https://api.github.com/repos/irods/python-irodsclient/stargazers,murodin
https://api.github.com/repos/irods/python-irodsclient/stargazers,mgalland
https://api.github.com/repos/irods/python-irodsclient/stargazers,jspijker
https://api.github.com/repos/irods/python-irodsclient/stargazers,congzong
https://api.github.com/repos/irods/python-irodsclient/stargazers,darked89
https://api.github.com/repos/irods/python-irodsclient/stargazers,joskid
https://api.github.com/repos/irods/python-irodsclient/stargazers,Nova38
https://api.github.com/repos/irods/python-irodsclient/stargazers,mherkazandjian
https://api.github.com/repos/irods/python-irodsclient/stargazers,hanytran
https://api.github.com/repos/irods/python-irodsclient/stargazers,nehamoopen
https://api.github.com/repos/irods/python-irodsclient/stargazers,aswinvk28
https://api.github.com/repos/irods/python-irodsclient/stargazers,seekzzh
https://api.github.com/repos/irods/python-irodsclient/stargazers,d-w-moore
https://api.github.com/repos/irods/irods_resource_plugin_rados/stargazers,ablekh
https://api.github.com/repos/irods/irods_resource_plugin_rados/stargazers,cassj
https://api.github.com/repos/irods/irods_resource_plugin_rados/stargazers,wwdillingham
https://api.github.com/repos/irods/irods_resource_plugin_rados/stargazers,joergsteinkamp
https://api.github.com/repos/irods/irods_resource_plugin_rados/stargazers,samrose
https://api.github.com/repos/irods/irods_resource_plugin_rados/stargazers,geonux
https://api.github.com/repos/irods/irods_resource_plugin_rados/stargazers,ektechxyz
https://api.github.com/repos/irods/libs3/stargazers,murodin
https://api.github.com/repos/irods/irods_testing_zone_bundle/stargazers,alanking
https://api.github.com/repos/irods/irods_rule_engine_plugin_python/stargazers,michael-conway
https://api.github.com/repos/irods/irods_rule_engine_plugin_python/stargazers,samrose
https://api.github.com/repos/irods/irods_rule_engine_plugin_python/stargazers,joergsteinkamp
https://api.github.com/repos/irods/irods_rule_engine_plugin_python/stargazers,cynici
https://api.github.com/repos/irods/irods_rule_engine_plugin_python/stargazers,cjsmeele
https://api.github.com/repos/irods/irods_rule_engine_plugin_python/stargazers,joskid
https://api.github.com/repos/irods/irods_rule_engine_plugin_python/stargazers,yr-wang-hit
https://api.github.com/repos/irods/irods_rule_engine_plugin_python/stargazers,mherkazandjian
https://api.github.com/repos/irods/irods_rule_engine_plugin_python/stargazers,stsnel
https://api.github.com/repos/irods/irods_client_library_r_rest/stargazers,michael-conway
https://api.github.com/repos/irods/irods_client_library_r_rest/stargazers,samuell
https://api.github.com/repos/irods/irods_client_library_r_rest/stargazers,LiNk-NY
https://api.github.com/repos/irods/irods_client_library_r_rest/stargazers,J535D165
https://api.github.com/repos/irods/irods_client_library_r_rest/stargazers,btmonier
https://api.github.com/repos/irods/irods_client_library_r_rest/stargazers,drighelli
https://api.github.com/repos/irods/irods_client_library_r_rest/stargazers,jwijffels
https://api.github.com/repos/irods/externals/stargazers,kript
https://api.github.com/repos/irods/autoconf/stargazers,evannagle
https://api.github.com/repos/irods/autoconf/stargazers,hy0kl
https://api.github.com/repos/irods/autoconf/stargazers,rvukovic
https://api.github.com/repos/irods/irods_client_icommands/stargazers,carrgilson
https://api.github.com/repos/irods/irods_client_icommands/stargazers,ryanspletzer
https://api.github.com/repos/irods/irods_client_icommands/stargazers,bzizou
https://api.github.com/repos/irods/irods_client_icommands/stargazers,michael-conway
https://api.github.com/repos/irods/irods_client_icommands/stargazers,tledoux
https://api.github.com/repos/irods/irods_client_icommands/stargazers,alanking
https://api.github.com/repos/irods/irods_client_icommands/stargazers,jmarshall
https://api.github.com/repos/irods/irods_client_icommands/stargazers,joergsteinkamp
https://api.github.com/repos/irods/irods_client_icommands/stargazers,efflamlemaillet
https://api.github.com/repos/irods/irods_client_icommands/stargazers,joskid
https://api.github.com/repos/irods/irods_client_icommands/stargazers,mherkazandjian
https://api.github.com/repos/irods/irods_client_icommands/stargazers,gromdimon
https://api.github.com/repos/irods/irods_client_fuse/stargazers,ablekh
https://api.github.com/repos/irods/irods_client_fuse/stargazers,rorist
https://api.github.com/repos/irods/irods_client_fuse/stargazers,rmsds
https://api.github.com/repos/irods/irods_client_fuse/stargazers,mbomhoff
https://api.github.com/repos/irods/irods_client_fuse/stargazers,c-mart
https://api.github.com/repos/irods/irods_client_fuse/stargazers,stsnel
https://api.github.com/repos/irods/irods_client_fuse/stargazers,brewer-algosec
https://api.github.com/repos/irods/irods_client_fuse/stargazers,mherkazandjian
https://api.github.com/repos/irods/irods_rule_engine_plugin_audit_amqp/stargazers,samalloing
https://api.github.com/repos/irods/irods_rule_engine_plugin_audit_amqp/stargazers,samrose
https://api.github.com/repos/irods/irods_training/stargazers,aliceminotto
https://api.github.com/repos/irods/irods_training/stargazers,paluchas
https://api.github.com/repos/irods/irods_training/stargazers,michael-conway
https://api.github.com/repos/irods/irods_training/stargazers,jhuguetn
https://api.github.com/repos/irods/irods_training/stargazers,alanking
https://api.github.com/repos/irods/irods_training/stargazers,andrese52
https://api.github.com/repos/irods/irods_training/stargazers,langk
https://api.github.com/repos/irods/irods_training/stargazers,vortexing
https://api.github.com/repos/irods/irods_training/stargazers,pphuth
https://api.github.com/repos/irods/irods_training/stargazers,jwijffels
https://api.github.com/repos/irods/irods_training/stargazers,darked89
https://api.github.com/repos/irods/irods_training/stargazers,joskid
https://api.github.com/repos/irods/irods_training/stargazers,marshallmcdonnell
https://api.github.com/repos/irods/irods_training/stargazers,fabic
https://api.github.com/repos/irods/irods_training/stargazers,hanytran
https://api.github.com/repos/irods/irods_docs/stargazers,alanking
https://api.github.com/repos/irods/irods_docs/stargazers,d-w-moore
https://api.github.com/repos/irods/irods_docs/stargazers,stsnel
https://api.github.com/repos/irods/irods.org/stargazers,bgarcial
https://api.github.com/repos/irods/irods_api_plugin_multipart/stargazers,samalloing
https://api.github.com/repos/irods/irods_api_plugin_adapter/stargazers,michael-conway
https://api.github.com/repos/irods/irods_api_plugin_adapter/stargazers,samalloing
https://api.github.com/repos/irods/irods_client_library_r_cpp/stargazers,seandavi
https://api.github.com/repos/irods/irods_client_library_r_cpp/stargazers,J535D165
https://api.github.com/repos/irods/irods_client_library_r_cpp/stargazers,jwijffels
https://api.github.com/repos/irods/irods_client_library_r_cpp/stargazers,MartinSchobben
https://api.github.com/repos/irods/irods_client_library_r_cpp/stargazers,japhir
https://api.github.com/repos/irods/irods_client_library_r_cpp/stargazers,frankfanslc
https://api.github.com/repos/irods/irods_client_library_r_cpp/stargazers,nehamoopen
https://api.github.com/repos/irods/irods_schema_metadata_templates/stargazers,samalloing
https://api.github.com/repos/irods/irods_schema_metadata_templates/stargazers,subotic
https://api.github.com/repos/irods/irods_python_ci_utilities/stargazers,alanking
https://api.github.com/repos/irods/irods_capability_storage_tiering/stargazers,LordFPL
https://api.github.com/repos/irods/irods_capability_storage_tiering/stargazers,murlock
https://api.github.com/repos/irods/irods_capability_storage_tiering/stargazers,kazunoriohki
https://api.github.com/repos/irods/irods_capability_storage_tiering/stargazers,mherkazandjian
https://api.github.com/repos/irods/irods_rfcs/stargazers,alanking
https://api.github.com/repos/irods/irods_rfcs/stargazers,michael-conway
https://api.github.com/repos/irods/mungefs/stargazers,JesseTG
https://api.github.com/repos/irods/mungefs/stargazers,SwooshyCueb
https://api.github.com/repos/irods/mungefs/stargazers,brewer-algosec
https://api.github.com/repos/irods/mungefs/stargazers,Dieterbe
https://api.github.com/repos/irods/mungefs/stargazers,euclio
https://api.github.com/repos/irods/irods_capability_automated_ingest/stargazers,alanking
https://api.github.com/repos/irods/irods_capability_automated_ingest/stargazers,samrose
https://api.github.com/repos/irods/irods_capability_automated_ingest/stargazers,langk
https://api.github.com/repos/irods/irods_capability_automated_ingest/stargazers,rmoreas
https://api.github.com/repos/irods/irods_capability_automated_ingest/stargazers,toktammm
https://api.github.com/repos/irods/irods_capability_automated_ingest/stargazers,chrstphdm
https://api.github.com/repos/irods/irods_capability_automated_ingest/stargazers,joskid
https://api.github.com/repos/irods/irods_capability_automated_ingest/stargazers,svilenkov
https://api.github.com/repos/irods/irods_capability_automated_ingest/stargazers,gaybro8777
https://api.github.com/repos/irods/irods_capability_automated_ingest/stargazers,rkm
https://api.github.com/repos/irods/irods_capability_automated_ingest/stargazers,messersc
https://api.github.com/repos/irods/irods_capability_automated_ingest/stargazers,pateldes
https://api.github.com/repos/irods/irods_client_nfsrods/stargazers,johnworth
https://api.github.com/repos/irods/irods_client_nfsrods/stargazers,rch
https://api.github.com/repos/irods/irods_client_nfsrods/stargazers,paladin74
https://api.github.com/repos/irods/irods_client_nfsrods/stargazers,Rob1king
https://api.github.com/repos/irods/irods_client_nfsrods/stargazers,murodin
https://api.github.com/repos/irods/irods_client_nfsrods/stargazers,brewer-algosec
https://api.github.com/repos/irods/irods_client_nfsrods/stargazers,darked89
https://api.github.com/repos/irods/irods_client_nfsrods/stargazers,mherkazandjian
https://api.github.com/repos/irods/irods_api_plugin_bulk_registration/stargazers,JamesLinus
https://api.github.com/repos/irods/irods_filesystem/stargazers,mherkazandjian
https://api.github.com/repos/irods/irods_testing_jenkins/stargazers,githubfoam
https://api.github.com/repos/irods/irods_testing_jenkins/stargazers,hanytran
https://api.github.com/repos/irods/irods_testing_jenkins/stargazers,ArneDeTemmermanKUL
https://api.github.com/repos/irods/irods_capability_indexing/stargazers,joskid
https://api.github.com/repos/irods/irods_client_cli/stargazers,alanking
https://api.github.com/repos/irods/irods_library_examples/stargazers,tledoux
https://api.github.com/repos/irods/irods_library_examples/stargazers,wirawan0
https://api.github.com/repos/irods/irods_client_library_cpp/stargazers,jacquayj
https://api.github.com/repos/irods/irods_client_library_c/stargazers,mherkazandjian
https://api.github.com/repos/irods/metalnx_search_endpoint_elasticsearch/stargazers,pateldes
https://api.github.com/repos/irods/metalnx_search_endpoint_elasticsearch/stargazers,joskid
https://api.github.com/repos/irods/irods_client_rest_cpp/stargazers,michael-conway
https://api.github.com/repos/irods/irods_client_rest_cpp/stargazers,blockspacer
https://api.github.com/repos/irods/irods_client_rest_cpp/stargazers,tedgin
https://api.github.com/repos/irods/irods_client_rest_cpp/stargazers,hurngchunlee
https://api.github.com/repos/irods/irods_client_rest_cpp/stargazers,w-bonelli
https://api.github.com/repos/irods/irods_client_rest_cpp/stargazers,darwinjob
https://api.github.com/repos/irods/irods_demo/stargazers,githubfoam
https://api.github.com/repos/irods/irods_demo/stargazers,kuhlaid
https://api.github.com/repos/irods/irods_demo/stargazers,qxzzxq
https://api.github.com/repos/irods/irods_demo/stargazers,messersc
https://api.github.com/repos/irods/irods_demo/stargazers,MartinSchobben
https://api.github.com/repos/irods/irods_development_environment/stargazers,lifa123
https://api.github.com/repos/irods/irods_development_environment/stargazers,ramonvansparrentak
https://api.github.com/repos/irods/irods_development_environment/stargazers,mherkazandjian
https://api.github.com/repos/irods/irods_development_environment/stargazers,korydraughn
https://api.github.com/repos/irods/irods_development_environment/stargazers,stsnel
https://api.github.com/repos/irods/irods_development_environment/stargazers,fiberbit
https://api.github.com/repos/irods/irods_rule_engine_plugin_logical_quotas/stargazers,anderbubble
https://api.github.com/repos/irods/irods_client_aws_lambda_s3/stargazers,jacquayj
https://api.github.com/repos/irods/irods_pattern_compute_to_data/stargazers,joskid
https://api.github.com/repos/irods/irods_client_globus_connector/stargazers,julianpistorius
https://api.github.com/repos/irods/irods_client_globus_connector/stargazers,qitsweauca
https://api.github.com/repos/irods/irods_libraries_transport/stargazers,jacquayj
https://api.github.com/repos/irods/irods_client_zone_management_tool/stargazers,yrro
https://api.github.com/repos/irods/irods_client_zone_management_tool/stargazers,langk
https://api.github.com/repos/irods/irods_client_zone_management_tool/stargazers,connectbo
https://api.github.com/repos/irods/irods_client_zone_management_tool/stargazers,aitrami
https://api.github.com/repos/irods/irods_client_zone_management_tool/stargazers,korydraughn
https://api.github.com/repos/irods/irods_client_zone_management_tool/stargazers,alexander-haller
https://api.github.com/repos/irods/libcxx-pretty-printers/stargazers,icestrawberryxjw
https://api.github.com/repos/irods/irods_testing_environment/stargazers,marshallmcdonnell
https://api.github.com/repos/irods/irods_testing_environment/stargazers,korydraughn
https://api.github.com/repos/irods/irods_testing_environment/stargazers,d-w-moore
https://api.github.com/repos/irods/irods_testing_environment/stargazers,mherkazandjian
https://api.github.com/repos/irods/irods_testing_environment/stargazers,stsnel
https://api.github.com/repos/irods/irods_testing_environment/stargazers,fiberbit
https://api.github.com/repos/irods/irods_client_library_rirods/stargazers,jspijker
https://api.github.com/repos/irods/irods_client_library_rirods/stargazers,calix015
https://api.github.com/repos/irods/irods_client_library_rirods/stargazers,Owain-S
